,No.0,No.1,No.2,No.3,No.4,No.5,No.6,No.7
"キャッチネスと難易度の相関
（なじみやすいほど難しい？）",-0.52936187,-0.01227438,-0.336977416,0.038245276,-0.26148818,0.496563533,-0.771858867,-0.493006649
"嗜好度と難易度の相関
（その曲が好きなほど難しい？）",-0.072713122,0.576029273,0.213540711,-0.175261871,-0.080064077,0.37001656,-0.413913777,-0.691759404
"記憶度と難易度の相関
（覚えてるほど難しい？）",-0.240268616,0.210029159,0.260595869,0.23610414,0,-0.741260599,-0.621850145,-0.557773351
